Workbook

Sheet Sheet1
A1: 省份 | B1: 省份简称 | C1: 2 | D1: 3 | E1: 4 | F1: 5 | G1: 6
A2: 广东省 | B2: 粤 | C2: =IFERROR(VLOOKUP($B2,辅助!$A:$D,MATCH(C$1&"人区域",辅助!$A$1:$D$1,0),0),"") -> 本地一区 | D2: =IFERROR(VLOOKUP($B2,辅助!$A:$D,MATCH(D$1&"人区域",辅助!$A$1:$D$1,0),0),"") -> 本地一区 | E2: =IFERROR(VLOOKUP($B2,辅助!$A:$D,MATCH(E$1&"人区域",辅助!$A$1:$D$1,0),0),"") -> 本地一区 | F2: =IFERROR(VLOOKUP($B2,辅助!$A:$E,MATCH(F$1&"人区域",辅助!$A$1:$E$1,0),0),"") -> 本地一区 | G2: 本地所有
A3: 江苏省 | B3: 苏 | C3: =IFERROR(VLOOKUP($B3,辅助!$A:$D,MATCH(C$1&"人区域",辅助!$A$1:$D$1,0),0),"") -> 本地二区 | D3: =IFERROR(VLOOKUP($B3,辅助!$A:$D,MATCH(D$1&"人区域",辅助!$A$1:$D$1,0),0),"") -> 本地二区 | E3: =IFERROR(VLOOKUP($B3,辅助!$A:$D,MATCH(E$1&"人区域",辅助!$A$1:$D$1,0),0),"") -> 本地二区 | F3: =IFERROR(VLOOKUP($B3,辅助!$A:$E,MATCH(F$1&"人区域",辅助!$A$1:$E$1,0),0),"") -> 本地二区 | G3: 本地所有
A4: 浙江省 | B4: 浙 | C4: =IFERROR(VLOOKUP($B4,辅助!$A:$D,MATCH(C$1&"人区域",辅助!$A$1:$D$1,0),0),"") -> 本地二区 | D4: =IFERROR(VLOOKUP($B4,辅助!$A:$D,MATCH(D$1&"人区域",辅助!$A$1:$D$1,0),0),"") -> 本地二区 | E4: =IFERROR(VLOOKUP($B4,辅助!$A:$D,MATCH(E$1&"人区域",辅助!$A$1:$D$1,0),0),"") -> 本地二区 | F4: =IFERROR(VLOOKUP($B4,辅助!$A:$E,MATCH(F$1&"人区域",辅助!$A$1:$E$1,0),0),"") -> 本地二区 | G4: 本地所有
A5: 北京市 | B5: 京 | C5: =IFERROR(VLOOKUP($B5,辅助!$A:$D,MATCH(C$1&"人区域",辅助!$A$1:$D$1,0),0),"") | D5: =IFERROR(VLOOKUP($B5,辅助!$A:$D,MATCH(D$1&"人区域",辅助!$A$1:$D$1,0),0),"") | E5: =IFERROR(VLOOKUP($B5,辅助!$A:$D,MATCH(E$1&"人区域",辅助!$A$1:$D$1,0),0),"") | F5: =IFERROR(VLOOKUP($B5,辅助!$A:$E,MATCH(F$1&"人区域",辅助!$A$1:$E$1,0),0),"")
A6: 上海市 | B6: 沪 | C6: =IFERROR(VLOOKUP($B6,辅助!$A:$D,MATCH(C$1&"人区域",辅助!$A$1:$D$1,0),0),"") -> 本地一区 | D6: =IFERROR(VLOOKUP($B6,辅助!$A:$D,MATCH(D$1&"人区域",辅助!$A$1:$D$1,0),0),"") -> 本地一区 | E6: =IFERROR(VLOOKUP($B6,辅助!$A:$D,MATCH(E$1&"人区域",辅助!$A$1:$D$1,0),0),"") -> 本地一区 | F6: =IFERROR(VLOOKUP($B6,辅助!$A:$E,MATCH(F$1&"人区域",辅助!$A$1:$E$1,0),0),"") -> 本地一区 | G6: 本地所有
A7: 山东省 | B7: 鲁 | C7: =IFERROR(VLOOKUP($B7,辅助!$A:$D,MATCH(C$1&"人区域",辅助!$A$1:$D$1,0),0),"") -> 本地二区 | D7: =IFERROR(VLOOKUP($B7,辅助!$A:$D,MATCH(D$1&"人区域",辅助!$A$1:$D$1,0),0),"") -> 本地三区 | E7: =IFERROR(VLOOKUP($B7,辅助!$A:$D,MATCH(E$1&"人区域",辅助!$A$1:$D$1,0),0),"") -> 本地三区 | F7: =IFERROR(VLOOKUP($B7,辅助!$A:$E,MATCH(F$1&"人区域",辅助!$A$1:$E$1,0),0),"") -> 本地二区 | G7: 本地所有
A8: 四川省 | B8: 川 | C8: =IFERROR(VLOOKUP($B8,辅助!$A:$D,MATCH(C$1&"人区域",辅助!$A$1:$D$1,0),0),"") -> 本地一区 | D8: =IFERROR(VLOOKUP($B8,辅助!$A:$D,MATCH(D$1&"人区域",辅助!$A$1:$D$1,0),0),"") -> 本地一区 | E8: =IFERROR(VLOOKUP($B8,辅助!$A:$D,MATCH(E$1&"人区域",辅助!$A$1:$D$1,0),0),"") -> 本地四区 | F8: =IFERROR(VLOOKUP($B8,辅助!$A:$E,MATCH(F$1&"人区域",辅助!$A$1:$E$1,0),0),"") -> 本地一区 | G8: 本地所有
A9: 湖北省 | B9: 鄂 | C9: =IFERROR(VLOOKUP($B9,辅助!$A:$D,MATCH(C$1&"人区域",辅助!$A$1:$D$1,0),0),"") -> 本地一区 | D9: =IFERROR(VLOOKUP($B9,辅助!$A:$D,MATCH(D$1&"人区域",辅助!$A$1:$D$1,0),0),"") -> 本地一区 | E9: =IFERROR(VLOOKUP($B9,辅助!$A:$D,MATCH(E$1&"人区域",辅助!$A$1:$D$1,0),0),"") -> 本地四区 | F9: =IFERROR(VLOOKUP($B9,辅助!$A:$E,MATCH(F$1&"人区域",辅助!$A$1:$E$1,0),0),"") -> 本地一区 | G9: 本地所有
A10: 辽宁省 | B10: 辽 | C10: =IFERROR(VLOOKUP($B10,辅助!$A:$D,MATCH(C$1&"人区域",辅助!$A$1:$D$1,0),0),"") -> 本地一区 | D10: =IFERROR(VLOOKUP($B10,辅助!$A:$D,MATCH(D$1&"人区域",辅助!$A$1:$D$1,0),0),"") -> 本地一区 | E10: =IFERROR(VLOOKUP($B10,辅助!$A:$D,MATCH(E$1&"人区域",辅助!$A$1:$D$1,0),0),"") -> 本地三区 | F10: =IFERROR(VLOOKUP($B10,辅助!$A:$E,MATCH(F$1&"人区域",辅助!$A$1:$E$1,0),0),"") -> 本地一区 | G10: 本地所有
A11: 重庆市 | B11: 渝 | C11: =IFERROR(VLOOKUP($B11,辅助!$A:$D,MATCH(C$1&"人区域",辅助!$A$1:$D$1,0),0),"") -> 本地二区 | D11: =IFERROR(VLOOKUP($B11,辅助!$A:$D,MATCH(D$1&"人区域",辅助!$A$1:$D$1,0),0),"") -> 本地二区 | E11: =IFERROR(VLOOKUP($B11,辅助!$A:$D,MATCH(E$1&"人区域",辅助!$A$1:$D$1,0),0),"") -> 本地二区 | F11: =IFERROR(VLOOKUP($B11,辅助!$A:$E,MATCH(F$1&"人区域",辅助!$A$1:$E$1,0),0),"") -> 本地二区 | G11: 本地所有
A12: 天津市 | B12: 津 | C12: =IFERROR(VLOOKUP($B12,辅助!$A:$D,MATCH(C$1&"人区域",辅助!$A$1:$D$1,0),0),"") -> 本地二区 | D12: =IFERROR(VLOOKUP($B12,辅助!$A:$D,MATCH(D$1&"人区域",辅助!$A$1:$D$1,0),0),"") -> 本地二区 | E12: =IFERROR(VLOOKUP($B12,辅助!$A:$D,MATCH(E$1&"人区域",辅助!$A$1:$D$1,0),0),"") -> 本地二区 | F12: =IFERROR(VLOOKUP($B12,辅助!$A:$E,MATCH(F$1&"人区域",辅助!$A$1:$E$1,0),0),"") -> 本地二区 | G12: 本地所有
A13: 黑龙江省 | B13: 黑 | C13: =IFERROR(VLOOKUP($B13,辅助!$A:$D,MATCH(C$1&"人区域",辅助!$A$1:$D$1,0),0),"") -> 本地二区 | D13: =IFERROR(VLOOKUP($B13,辅助!$A:$D,MATCH(D$1&"人区域",辅助!$A$1:$D$1,0),0),"") -> 本地一区 | E13: =IFERROR(VLOOKUP($B13,辅助!$A:$D,MATCH(E$1&"人区域",辅助!$A$1:$D$1,0),0),"") -> 本地三区 | F13: =IFERROR(VLOOKUP($B13,辅助!$A:$E,MATCH(F$1&"人区域",辅助!$A$1:$E$1,0),0),"") -> 本地小三区 | G13: 本地所有
A14: 吉林省 | B14: 吉 | C14: =IFERROR(VLOOKUP($B14,辅助!$A:$D,MATCH(C$1&"人区域",辅助!$A$1:$D$1,0),0),"") -> 本地二区 | D14: =IFERROR(VLOOKUP($B14,辅助!$A:$D,MATCH(D$1&"人区域",辅助!$A$1:$D$1,0),0),"") -> 本地二区 | E14: =IFERROR(VLOOKUP($B14,辅助!$A:$D,MATCH(E$1&"人区域",辅助!$A$1:$D$1,0),0),"") -> 本地三区 | F14: =IFERROR(VLOOKUP($B14,辅助!$A:$E,MATCH(F$1&"人区域",辅助!$A$1:$E$1,0),0),"") -> 本地小三区 | G14: 本地所有
A15: 新疆维吾尔自治区 | B15: 新 | C15: =IFERROR(VLOOKUP($B15,辅助!$A:$D,MATCH(C$1&"人区域",辅助!$A$1:$D$1,0),0),"") -> 本地一区 | D15: =IFERROR(VLOOKUP($B15,辅助!$A:$D,MATCH(D$1&"人区域",辅助!$A$1:$D$1,0),0),"") -> 本地三区 | E15: =IFERROR(VLOOKUP($B15,辅助!$A:$D,MATCH(E$1&"人区域",辅助!$A$1:$D$1,0),0),"") -> 本地二区 | F15: =IFERROR(VLOOKUP($B15,辅助!$A:$E,MATCH(F$1&"人区域",辅助!$A$1:$E$1,0),0),"") -> 本地小三区 | G15: 本地所有
A16: 西藏自治区 | B16: 藏 | C16: =IFERROR(VLOOKUP($B16,辅助!$A:$D,MATCH(C$1&"人区域",辅助!$A$1:$D$1,0),0),"") | D16: =IFERROR(VLOOKUP($B16,辅助!$A:$D,MATCH(D$1&"人区域",辅助!$A$1:$D$1,0),0),"") | E16: =IFERROR(VLOOKUP($B16,辅助!$A:$D,MATCH(E$1&"人区域",辅助!$A$1:$D$1,0),0),"") | F16: =IFERROR(VLOOKUP($B16,辅助!$A:$E,MATCH(F$1&"人区域",辅助!$A$1:$E$1,0),0),"")
A17: 河南省 | B17: 豫 | C17: =IFERROR(VLOOKUP($B17,辅助!$A:$D,MATCH(C$1&"人区域",辅助!$A$1:$D$1,0),0),"") -> 本地二区 | D17: =IFERROR(VLOOKUP($B17,辅助!$A:$D,MATCH(D$1&"人区域",辅助!$A$1:$D$1,0),0),"") -> 本地三区 | E17: =IFERROR(VLOOKUP($B17,辅助!$A:$D,MATCH(E$1&"人区域",辅助!$A$1:$D$1,0),0),"") -> 本地三区 | F17: =IFERROR(VLOOKUP($B17,辅助!$A:$E,MATCH(F$1&"人区域",辅助!$A$1:$E$1,0),0),"") -> 本地二区 | G17: 本地所有
A18: 河北省 | B18: 冀 | C18: =IFERROR(VLOOKUP($B18,辅助!$A:$D,MATCH(C$1&"人区域",辅助!$A$1:$D$1,0),0),"") -> 本地一区 | D18: =IFERROR(VLOOKUP($B18,辅助!$A:$D,MATCH(D$1&"人区域",辅助!$A$1:$D$1,0),0),"") -> 本地三区 | E18: =IFERROR(VLOOKUP($B18,辅助!$A:$D,MATCH(E$1&"人区域",辅助!$A$1:$D$1,0),0),"") -> 本地三区 | F18: =IFERROR(VLOOKUP($B18,辅助!$A:$E,MATCH(F$1&"人区域",辅助!$A$1:$E$1,0),0),"") -> 本地一区 | G18: 本地所有
A19: 陕西省 | B19: 陕 | C19: =IFERROR(VLOOKUP($B19,辅助!$A:$D,MATCH(C$1&"人区域",辅助!$A$1:$D$1,0),0),"") -> 本地二区 | D19: =IFERROR(VLOOKUP($B19,辅助!$A:$D,MATCH(D$1&"人区域",辅助!$A$1:$D$1,0),0),"") -> 本地二区 | E19: =IFERROR(VLOOKUP($B19,辅助!$A:$D,MATCH(E$1&"人区域",辅助!$A$1:$D$1,0),0),"") -> 本地二区 | F19: =IFERROR(VLOOKUP($B19,辅助!$A:$E,MATCH(F$1&"人区域",辅助!$A$1:$E$1,0),0),"") -> 本地二区 | G19: 本地所有
A20: 福建省 | B20: 闽 | C20: =IFERROR(VLOOKUP($B20,辅助!$A:$D,MATCH(C$1&"人区域",辅助!$A$1:$D$1,0),0),"") -> 本地一区 | D20: =IFERROR(VLOOKUP($B20,辅助!$A:$D,MATCH(D$1&"人区域",辅助!$A$1:$D$1,0),0),"") -> 本地三区 | E20: =IFERROR(VLOOKUP($B20,辅助!$A:$D,MATCH(E$1&"人区域",辅助!$A$1:$D$1,0),0),"") -> 本地一区 | F20: =IFERROR(VLOOKUP($B20,辅助!$A:$E,MATCH(F$1&"人区域",辅助!$A$1:$E$1,0),0),"") -> 本地一区 | G20: 本地所有
A21: 湖南省 | B21: 湘 | C21: =IFERROR(VLOOKUP($B21,辅助!$A:$D,MATCH(C$1&"人区域",辅助!$A$1:$D$1,0),0),"") -> 本地一区 | D21: =IFERROR(VLOOKUP($B21,辅助!$A:$D,MATCH(D$1&"人区域",辅助!$A$1:$D$1,0),0),"") -> 本地一区 | E21: =IFERROR(VLOOKUP($B21,辅助!$A:$D,MATCH(E$1&"人区域",辅助!$A$1:$D$1,0),0),"") -> 本地四区 | F21: =IFERROR(VLOOKUP($B21,辅助!$A:$E,MATCH(F$1&"人区域",辅助!$A$1:$E$1,0),0),"") -> 本地一区 | G21: 本地所有
A22: 安徽省 | B22: 皖 | C22: =IFERROR(VLOOKUP($B22,辅助!$A:$D,MATCH(C$1&"人区域",辅助!$A$1:$D$1,0),0),"") -> 本地一区 | D22: =IFERROR(VLOOKUP($B22,辅助!$A:$D,MATCH(D$1&"人区域",辅助!$A$1:$D$1,0),0),"") -> 本地三区 | E22: =IFERROR(VLOOKUP($B22,辅助!$A:$D,MATCH(E$1&"人区域",辅助!$A$1:$D$1,0),0),"") -> 本地一区 | F22: =IFERROR(VLOOKUP($B22,辅助!$A:$E,MATCH(F$1&"人区域",辅助!$A$1:$E$1,0),0),"") -> 本地一区 | G22: 本地所有
A23: 山西省 | B23: 晋 | C23: =IFERROR(VLOOKUP($B23,辅助!$A:$D,MATCH(C$1&"人区域",辅助!$A$1:$D$1,0),0),"") -> 本地二区 | D23: =IFERROR(VLOOKUP($B23,辅助!$A:$D,MATCH(D$1&"人区域",辅助!$A$1:$D$1,0),0),"") -> 本地二区 | E23: =IFERROR(VLOOKUP($B23,辅助!$A:$D,MATCH(E$1&"人区域",辅助!$A$1:$D$1,0),0),"") -> 本地二区 | F23: =IFERROR(VLOOKUP($B23,辅助!$A:$E,MATCH(F$1&"人区域",辅助!$A$1:$E$1,0),0),"") -> 本地二区 | G23: 本地所有
A24: 云南省 | B24: 云 | C24: =IFERROR(VLOOKUP($B24,辅助!$A:$D,MATCH(C$1&"人区域",辅助!$A$1:$D$1,0),0),"") -> 本地二区 | D24: =IFERROR(VLOOKUP($B24,辅助!$A:$D,MATCH(D$1&"人区域",辅助!$A$1:$D$1,0),0),"") -> 本地三区 | E24: =IFERROR(VLOOKUP($B24,辅助!$A:$D,MATCH(E$1&"人区域",辅助!$A$1:$D$1,0),0),"") -> 本地四区 | F24: =IFERROR(VLOOKUP($B24,辅助!$A:$E,MATCH(F$1&"人区域",辅助!$A$1:$E$1,0),0),"") -> 本地二区 | G24: 本地所有
A25: 广西壮族自治区 | B25: 桂 | C25: =IFERROR(VLOOKUP($B25,辅助!$A:$D,MATCH(C$1&"人区域",辅助!$A$1:$D$1,0),0),"") -> 本地二区 | D25: =IFERROR(VLOOKUP($B25,辅助!$A:$D,MATCH(D$1&"人区域",辅助!$A$1:$D$1,0),0),"") -> 本地二区 | E25: =IFERROR(VLOOKUP($B25,辅助!$A:$D,MATCH(E$1&"人区域",辅助!$A$1:$D$1,0),0),"") -> 本地四区 | F25: =IFERROR(VLOOKUP($B25,辅助!$A:$E,MATCH(F$1&"人区域",辅助!$A$1:$E$1,0),0),"") -> 本地二区 | G25: 本地所有
A26: 江西省 | B26: 赣 | C26: =IFERROR(VLOOKUP($B26,辅助!$A:$D,MATCH(C$1&"人区域",辅助!$A$1:$D$1,0),0),"") -> 本地二区 | D26: =IFERROR(VLOOKUP($B26,辅助!$A:$D,MATCH(D$1&"人区域",辅助!$A$1:$D$1,0),0),"") -> 本地三区 | E26: =IFERROR(VLOOKUP($B26,辅助!$A:$D,MATCH(E$1&"人区域",辅助!$A$1:$D$1,0),0),"") -> 本地一区 | F26: =IFERROR(VLOOKUP($B26,辅助!$A:$E,MATCH(F$1&"人区域",辅助!$A$1:$E$1,0),0),"") -> 本地二区 | G26: 本地所有
A27: 贵州省 | B27: 贵 | C27: =IFERROR(VLOOKUP($B27,辅助!$A:$D,MATCH(C$1&"人区域",辅助!$A$1:$D$1,0),0),"") -> 本地一区 | D27: =IFERROR(VLOOKUP($B27,辅助!$A:$D,MATCH(D$1&"人区域",辅助!$A$1:$D$1,0),0),"") -> 本地三区 | E27: =IFERROR(VLOOKUP($B27,辅助!$A:$D,MATCH(E$1&"人区域",辅助!$A$1:$D$1,0),0),"") -> 本地四区 | F27: =IFERROR(VLOOKUP($B27,辅助!$A:$E,MATCH(F$1&"人区域",辅助!$A$1:$E$1,0),0),"") -> 本地一区 | G27: 本地所有
A28: 内蒙古自治区 | B28: 蒙 | C28: =IFERROR(VLOOKUP($B28,辅助!$A:$D,MATCH(C$1&"人区域",辅助!$A$1:$D$1,0),0),"") -> 本地一区 | D28: =IFERROR(VLOOKUP($B28,辅助!$A:$D,MATCH(D$1&"人区域",辅助!$A$1:$D$1,0),0),"") -> 本地三区 | E28: =IFERROR(VLOOKUP($B28,辅助!$A:$D,MATCH(E$1&"人区域",辅助!$A$1:$D$1,0),0),"") -> 本地四区 | F28: =IFERROR(VLOOKUP($B28,辅助!$A:$E,MATCH(F$1&"人区域",辅助!$A$1:$E$1,0),0),"") -> 本地一区 | G28: 本地所有
... A32: 宁夏回族自治区 | B32: 宁 | C32: =IFERROR(VLOOKUP($B32,辅助!$A:$D,MATCH(C$1&"人区域",辅助!$A$1:$D$1,0),0),"") -> 本地二区 | D32: =IFERROR(VLOOKUP($B32,辅助!$A:$D,MATCH(D$1&"人区域",辅助!$A$1:$D$1,0),0),"") -> 本地一区 | E32: =IFERROR(VLOOKUP($B32,辅助!$A:$D,MATCH(E$1&"人区域",辅助!$A$1:$D$1,0),0),"") -> 本地一区 | F32: =IFERROR(VLOOKUP($B32,辅助!$A:$E,MATCH(F$1&"人区域",辅助!$A$1:$E$1,0),0),"") -> 本地小三区 | G32: 本地所有
A33: 台湾省 | B33: 台 | C33: =IFERROR(VLOOKUP($B33,辅助!$A:$D,MATCH(C$1&"人区域",辅助!$A$1:$D$1,0),0),"") | D33: =IFERROR(VLOOKUP($B33,辅助!$A:$D,MATCH(D$1&"人区域",辅助!$A$1:$D$1,0),0),"") | E33: =IFERROR(VLOOKUP($B33,辅助!$A:$D,MATCH(E$1&"人区域",辅助!$A$1:$D$1,0),0),"") | F33: =IFERROR(VLOOKUP($B33,辅助!$A:$E,MATCH(F$1&"人区域",辅助!$A$1:$E$1,0),0),"")

Sheet 辅助
A1: 省份简称 | B1: 3人区域 | C1: 4人区域 | D1: 2人区域 | E1: 5人区域
A2: 粤 | B2: 本地一区 | C2: 本地一区 | D2: 本地一区 | E2: 本地一区
A3: 沪 | B3: 本地一区 | C3: 本地一区 | D3: 本地一区 | E3: 本地一区
A4: 湘 | B4: 本地一区 | C4: 本地四区 | D4: 本地一区 | E4: 本地一区
A5: 鄂 | B5: 本地一区 | C5: 本地四区 | D5: 本地一区 | E5: 本地一区
A6: 川 | B6: 本地一区 | C6: 本地四区 | D6: 本地一区 | E6: 本地一区
A7: 辽 | B7: 本地一区 | C7: 本地三区 | D7: 本地一区 | E7: 本地一区
A8: 黑 | B8: 本地一区 | C8: 本地三区 | D8: 本地二区 | E8: 本地小三区
A9: 青 | B9: 本地一区 | C9: 本地一区 | D9: 本地二区 | E9: 本地小三区
A10: 宁 | B10: 本地一区 | C10: 本地一区 | D10: 本地二区 | E10: 本地小三区
A11: 苏 | B11: 本地二区 | C11: 本地二区 | D11: 本地二区 | E11: 本地二区
A12: 浙 | B12: 本地二区 | C12: 本地二区 | D12: 本地二区 | E12: 本地二区
... A30: 蒙 | B30: 本地三区 | C30: 本地四区 | D30: 本地一区 | E30: 本地一区

Sheet Sheet2
A1: 省份 | C1: 区域 | E1: 测试区 | H1: 本地一区 | K1: 本地二区 | N1: 本地三区
A2: 沪 | B2: 上海市 | C2: 本地一区 | E2: 粤 | F2: 120000 | G2: 12000 | H2: 鲁 | I2: 43000 | K2: 湘 | L2: 22000 | N2: 沪 | O2: 60000 | P2: 原46000 | S2: 沪 | T2: 本地一区 | U2: =VLOOKUP(S2,A:B,2,0) -> 上海市 | V2: =T2 -> 本地一区
A3: 津 | B3: 天津市 | C3: 本地一区 | H3: 豫 | I3: 28000 | K3: 鄂 | L3: 28000 | N3: 津 | O3: 12000 | S3: 津 | T3: 本地一区 | U3: =VLOOKUP(S3,A:B,2,0) -> 天津市 | V3: =T3 -> 本地一区
A4: 渝 | B4: 重庆市 | C4: 本地一区 | E4: 苏 | F4: 72000 | G4: 135000 | H4: 冀 | I4: 28000 | K4: 川 | L4: 40000 | N4: 渝 | O4: 16000 | S4: 渝 | T4: 本地一区 | U4: =VLOOKUP(S4,A:B,2,0) -> 重庆市 | V4: =T4 -> 本地一区
A5: 湘 | B5: 湖南省 | C5: 本地一区 | E5: 浙 | F5: 63000 | S5: 桂 | T5: 本地一区 | U5: =VLOOKUP(S5,A:B,2,0) -> 广西壮族自治区 | V5: =T5 -> 本地一区
A6: 鄂 | B6: 湖北省 | C6: 本地一区 | H6: 辽 | I6: 22000 | K6: 皖 | L6: 20000 | N6: 桂 | O6: 14000 | S6: 云 | T6: 本地一区 | U6: =VLOOKUP(S6,A:B,2,0) -> 云南省 | V6: =T6 -> 本地一区
A7: 川 | B7: 四川省 | C7: 本地一区 | H7: 黑 | I7: 10000 | K7: 赣 | L7: 13000 | N7: 云 | O7: 17000 | S7: 贵 | T7: 本地一区 | U7: =VLOOKUP(S7,A:B,2,0) -> 贵州省 | V7: =T7 -> 本地一区
A8: 桂 | B8: 广西壮族自治区 | C8: 本地一区 | H8: 吉 | I8: 9000 | K8: 闵 | L8: 23000 | N8: 贵 | O8: 11000 | S8: 晋 | T8: 本地一区 | U8: =VLOOKUP(S8,A:B,2,0) -> 山西省 | V8: =T8 -> 本地一区
A9: 云 | B9: 云南省 | C9: 本地一区 | H9: 陕 | I9: 23000 | N9: 晋 | O9: 18000 | S9: 鲁 | T9: 本地二区 | U9: =VLOOKUP(S9,A:B,2,0) -> 山东省 | V9: =T9 -> 本地二区
A10: 贵 | B10: 贵州省 | C10: 本地一区 | S10: 豫 | T10: 本地二区 | U10: =VLOOKUP(S10,A:B,2,0) -> 河南省 | V10: =T10 -> 本地二区
A11: 晋 | B11: 山西省 | C11: 本地一区 | K11: 青 | L11: 4000 | N11: 琼 | O11: 6000 | S11: 冀 | T11: 本地二区 | U11: =VLOOKUP(S11,A:B,2,0) -> 河北省 | V11: =T11 -> 本地二区
A12: 琼 | B12: 海南省 | C12: 本地一区 | K12: 宁 | L12: 3000 | N12: 新 | O12: 8000 | S12: 青 | T12: 本地二区 | U12: =VLOOKUP(S12,A:B,2,0) -> 青海省 | V12: =T12 -> 本地二区
A13: 新 | B13: 新疆维吾尔自治区 | C13: 本地一区 | K13: 甘 | L13: 8000 | N13: 蒙 | O13: 10000 | S13: 宁 | T13: 本地二区 | U13: =VLOOKUP(S13,A:B,2,0) -> 宁夏回族自治区 | V13: =T13 -> 本地二区
A14: 蒙 | B14: 内蒙古自治区 | C14: 本地一区 | S14: 甘 | T14: 本地二区 | U14: =VLOOKUP(S14,A:B,2,0) -> 甘肃省 | V14: =T14 -> 本地二区
A15: 鲁 | B15: 山东省 | C15: 本地二区 | E15: 任务量 | F15: 255000 | S15: 皖 | T15: 本地三区 | U15: =VLOOKUP(S15,A:B,2,0) -> 安徽省 | V15: =T15 -> 本地三区
A16: 豫 | B16: 河南省 | C16: 本地二区 | H16: 任务量 | I16: 163000 | K16: 任务量 | L16: 161000 | N16: 任务量 | O16: 172000 | S16: 赣 | T16: 本地三区 | U16: =VLOOKUP(S16,A:B,2,0) -> 江西省 | V16: =T16 -> 本地三区
A17: 冀 | B17: 河北省 | C17: 本地二区 | S17: 闵 | T17: 本地三区 | U17: =VLOOKUP(S17,A:B,2,0) -> 福建省 | V17: =T17 -> 本地三区
A18: 皖 | B18: 安徽省 | C18: 本地二区 | S18: 辽 | T18: 本地三区 | U18: =VLOOKUP(S18,A:B,2,0) -> 辽宁省 | V18: =T18 -> 本地三区
A19: 赣 | B19: 江西省 | C19: 本地二区 | E19: 粤、苏浙+本地4人分工 | S19: 黑 | T19: 本地三区 | U19: =VLOOKUP(S19,A:B,2,0) -> 黑龙江省 | V19: =T19 -> 本地三区
A20: 闵 | B20: 福建省 | C20: 本地二区 | E20: 测试区 | H20: 本地一区 | K20: 本地二区 | N20: 本地三区 | Q20: 本地三区 | S20: 吉 | T20: 本地三区 | U20: =VLOOKUP(S20,A:B,2,0) -> 吉林省 | V20: =T20 -> 本地三区
A21: 辽 | B21: 辽宁省 | C21: 本地二区 | E21: 粤 | F21: 120000 | G21: 12000 | H21: 沪 | I21: 60000 | K21: 鲁 | L21: 43000 | N21: 皖 | O21: 20000 | Q21: 湘 | R21: 22000 | S21: 陕 | T21: 本地三区 | U21: =VLOOKUP(S21,A:B,2,0) -> 陕西省 | V21: =T21 -> 本地三区
A22: 黑 | B22: 黑龙江省 | C22: 本地二区 | H22: 津 | I22: 12000 | K22: 豫 | L22: 28000 | N22: 赣 | O22: 13000 | Q22: 鄂 | R22: 28000 | S22: 湘 | T22: 本地四区 | U22: =VLOOKUP(S22,A:B,2,0) -> 湖南省 | V22: =T22 -> 本地四区
A23: 吉 | B23: 吉林省 | C23: 本地二区 | E23: 苏 | F23: 72000 | G23: 135000 | H23: 渝 | I23: 16000 | K23: 冀 | L23: 28000 | N23: 闵 | O23: 23000 | Q23: 川 | R23: 40000 | S23: 鄂 | T23: 本地四区 | U23: =VLOOKUP(S23,A:B,2,0) -> 湖北省 | V23: =T23 -> 本地四区
A24: 陕 | B24: 陕西省 | C24: 本地二区 | E24: 浙 | F24: 63000 | S24: 川 | T24: 本地四区 | U24: =VLOOKUP(S24,A:B,2,0) -> 四川省 | V24: =T24 -> 本地四区
A25: 青 | B25: 青海省 | C25: 本地二区 | H25: 桂 | I25: 14000 | K25: 青 | L25: 4000 | N25: 辽 | O25: 22000 | Q25: 琼 | R25: 6000 | S25: 琼 | T25: 本地四区 | U25: =VLOOKUP(S25,A:B,2,0) -> 海南省 | V25: =T25 -> 本地四区
A26: 宁 | B26: 宁夏回族自治区 | C26: 本地二区 | H26: 云 | I26: 17000 | K26: 宁 | L26: 3000 | N26: 黑 | O26: 10000 | Q26: 新 | R26: 8000 | S26: 新 | T26: 本地四区 | U26: =VLOOKUP(S26,A:B,2,0) -> 新疆维吾尔自治区 | V26: =T26 -> 本地四区
A27: 甘 | B27: 甘肃省 | C27: 本地二区 | H27: 贵 | I27: 11000 | K27: 甘 | L27: 8000 | N27: 吉 | O27: 9000 | Q27: 蒙 | R27: 10000 | S27: 蒙 | T27: 本地四区 | U27: =VLOOKUP(S27,A:B,2,0) -> 内蒙古自治区 | V27: =T27 -> 本地四区
H28: 晋 | I28: 18000 | N28: 陕 | O28: 23000 | U28: =VLOOKUP(S28,A:B,2,0) -> #N/A | V28: =T28 -> 0
